Look ID,Occasion,Outfit Type,Primary Colour,Outfit Breakdown,Main Outfit Product,Main Outfit Source URL,Main Outfit Affiliate Link (paste yours),Main Outfit Price (₹),Blouse / Top Product,Blouse / Top Source URL,Blouse / Top Affiliate Link (paste yours),Blouse / Top Price (₹),Bottom / Skirt Product,Bottom / Skirt Source URL,Bottom / Skirt Affiliate Link (paste yours),Bottom / Skirt Price (₹),Dupatta / Drape Product,Dupatta / Drape Source URL,Dupatta / Drape Affiliate Link (paste yours),Dupatta / Drape Price (₹),Footwear Product,Footwear Affiliate Link (paste yours),Footwear Price (₹),Jewellery / Accessories Product,Jewellery / Accessories Affiliate Link (paste yours),Jewellery / Accessories Price (₹),Bag / Clutch Product,Bag / Clutch Affiliate Link (paste yours),Bag / Clutch Price (₹)
Look 001,Garba / Navratri,Chaniya Choli,Black,"A black chaniya choli with a fitted black choli and a flared black skirt finished with a gold and multicolour embroidered border, styled for dandiya. Picked for Garba and Navratri celebrations.",Multicolor Striped Garba Lehenga with Black Choli & Mirror Work Dupatta – Manvansh Trends,https://manvansh.com/products/multicolor-striped-garba-lehenga-with-black-choli-mirror-work-dupatta,,2998.8,TIVANTE TIVANTE Casual Sleeveless Solid Women Black Top,,,,Navratri & Festival Special Black 12 Kali Flared Lehenga Skirt | South Indian Traditional Half Saree Skirt,,,,Trendy jaipuri cotton mirror work dupatta Rajasthani Kutch work embroidery dupatta,,,,,,,,,,,,
Look 002,Garba / Navratri,Chaniya Choli,Olive Green,An olive-green chaniya choli pairing a white mirror-embellished choli with a flared olive skirt edged in a cream border. Picked for Garba and Navratri celebrations.,Green Mirror Work Digital Printed Navratri Lehenga Choli – AHESAS,https://ahesas.com/products/green-color-digital-printed-with-real-mirror-navratri-lehenga-choli,,3499,JAGRATI Round Neck Women Blouse,,,,Navratri Special Lehnga For Girls,,,,,,,,,,,,,,,,
Look 003,Garba / Navratri,Chaniya Choli,Multicolour,"A multicolour chaniya choli in vivid patola-style patchwork prints across a full flared skirt, worn with a coordinating choli. Picked for Garba and Navratri celebrations.",Women's And Girls Silk Fabric With Patola Print With Mirror Work Chaniya Choli Set,https://www.meesho.com/womens-and-girls-silk-fabric-with-patola-print-with-mirror-work-speciel-events-chaniya-choli-set-for-navratri-special-garba-night/p/8tt7b4,,995,Visorix Visorix Party Sleeveless Embroidered Women White Top,,,,Digital Printed Attractive Party Wear & Sider Wear Lehenga choli,,,,,,,,,,,,,,,,
Look 004,Garba / Navratri,Chaniya Choli,Black,"A black chaniya choli with a black choli and a flared black skirt finished with an ornate maroon patola border, styled with a rust patola dupatta. Picked for Garba and Navratri celebrations.",Navratri Special Garba Night Real Mirror Work Lehenga Set,https://www.meesho.com/navratri-special-garba-night-real-mirror-work-lehenga-set-for-women-digital-print-with-gold-embroidery-gujrati-garbha-dress/p/5p60sy,,981,FANCY NEW DESIGNER LEHENGA CHOLI FOR WOMEN FREE SIZE,,,,FANCY NEW DESIGNER LEHENGA CHOLI FOR WOMEN FREE SIZE,,,,PATOLA DUPATTA,,,,,,,,,,,,
Look 005,Garba / Navratri,Chaniya Choli,Ivory,"An ivory chaniya choli with a cream choli and a flared ivory skirt trimmed in a colourful mirror-work border, styled with a multicolour dupatta. Picked for Garba and Navratri celebrations.",Beige Navratri Lehenga Choli in Viscose Cotton with Kutchi Mirror Work,https://vjvnow.com/en-int/products/beige-navratri-lehenga-choli-in-viscose-cotton-with-kutchi-mirror-work,,6784,BATHANI TEXTILE BATHANI TEXTILE Embroidered Semi Stitched Lehenga & Crop Top (White),,,,BATHANI TEXTILE BATHANI TEXTILE Embroidered Semi Stitched Lehenga & Crop Top (White),,,,,,,,,,,,,,,,
Look 006,Garba / Navratri,Chaniya Choli,Red,A red chaniya choli teaming a black full-sleeve top with a tiered red skirt finished in white bandhani-print borders. Picked for Garba and Navratri celebrations.,Black Red Minimal Garba reference — no verified complete marketplace match,,,,Cation Slim Fit Round-Neck Crop Top (Black),,,,Jyeshta Women Crepe Abstract Maxi Flared Skirt,,,,,,,,,,,,,,,,
Look 007,Garba / Navratri,Chaniya Choli,Black,"A black chaniya choli with a black choli and flared black skirt edged in a gold-toned printed border, styled with a colourful printed dupatta. Picked for Garba and Navratri celebrations.",Impressive Black Georgette Mirror Work Navratri Wear Lehenga Choli,https://www.ethnicplus.in/products/impressive-black-georgette-mirror-work-navratri-wear-lehenga-choli,,3118.8,TANUKA Women Floral Print Flared Lehenga Choli Set (Black),,,,TANUKA Women Floral Print Flared Lehenga Choli Set (Black),,,,,,,,,,,,,,,,
Look 008,Garba / Navratri,Chaniya Choli,Navy,A navy chaniya choli densely worked in multicolour mirror and patola-style prints across the flared skirt and choli. Picked for Garba and Navratri celebrations.,Navy Blue Rayon Mirror and Embroidery Navratri Lehenga Choli,https://gunjfashion.com/products/navy-blue-rayon-mirror-and-embroidery-navratri-lehenga-choli,,,,,,,,,,,,,,,,,,,,,,,
Look 009,Garba / Navratri,Chaniya Choli,Black,"A black chaniya choli with a flared skirt of vertical multicolour striped panels, worn with a dark choli. Picked for Garba and Navratri celebrations.",Black & Maroon Ajrakh Print Navratri Lehenga Choli with Golden Border,https://www.vayatheweaver.com/products/black-maroon-ajrakh-print-navratri-lehenga-choli-with-golden-border,,4399,,,,,,,,,,,,,,,,,,,,,
Look 010,Garba / Navratri,Chaniya Choli,Ivory,An ivory chaniya choli with a cream embellished choli and a flared ivory skirt banded with multicolour patchwork above a cream hem. Picked for Garba and Navratri celebrations.,Ravishing Multi Color Cotton Gotta Patti Lehenga Choli With Dupatta,https://www.ethnicplus.in/products/ravishing-multi-color-cotton-gotta-patti-lehenga-choli-with-dupatta,,4018.8,,,,,,,,,,,,,,,,,,,,,
Look 011,Garba / Navratri,Chaniya Choli,Navy,"A navy-blue chaniya choli with a dark choli and flared navy skirt, styled with a colourful patola-print dupatta. Picked for Garba and Navratri celebrations.",Navratri Patola Garba Women Chaniya Choli,https://mahezon.in/products/navratri-patola-garba-women-chaniya-choli,,2479,,,,,,,,,,,,,,,,,,,,,
Look 012,Garba / Navratri,Chaniya Choli,Ivory,An ivory chaniya choli pairing a dark multicolour-worked choli with a flared ivory skirt banded in bold multicolour patchwork. Picked for Garba and Navratri celebrations.,Black-Red Mirror Work Muslin Navratri Lehenga Choli,https://ahesas.com/products/black-red-mirror-work-muslin-navratri-lehenga-choli,,3499,,,,,,,,,,,,,,,,,,,,,
Look 013,Garba / Navratri,Chaniya Choli,Maroon,A maroon chaniya choli pairing an embellished black choli with a flared maroon skirt. Picked for Garba and Navratri celebrations.,Traditional Style Black Navratri Embroidered Chaniya Choli,https://vjvnow.com/en-int/products/traditional-style-black-navratri-embroidered-chaniya-choli,,5749,Traquila Traquila Casual Cap Sleeves Solid Women Black Top,,,,"OURA ENTERPRISE Flared, Loose Fit Women Maroon Trousers",,,,archana fashion club archana fashion club Pure Cotton Embroidered Multicolor Women Dupatta,,,,,,,,,,,,
Look 014,Garba / Navratri,Chaniya Choli,Black,"A black chaniya choli with a black choli and flared black skirt, styled with a multicolour embroidered mirror-work dupatta down the front. Picked for Garba and Navratri celebrations.",Traditional Style Black Navratri Embroidered Chaniya Choli,https://vjvnow.com/en-int/products/traditional-style-black-navratri-embroidered-chaniya-choli,,5749,SOHOT Women Slim Fit Blouse Crop Top (Black),,,,Omstar Fashion Omstar Fashion Women Self Design Flared Black Skirt,,,,KANHA TEXTILES KANHA TEXTILES Art Silk Embroidered Multicolor Women Dupatta,,,,,,,,,,,,
Look 015,Garba / Navratri,Chaniya Choli,Ivory,An ivory chaniya choli pairing a red choli with a flared ivory skirt banded in vivid multicolour patchwork. Picked for Garba and Navratri celebrations.,Multi Color Best Chaniya Choli for Navratri,https://clothsvilla.com/products/multi-color-best-chaniya-choli-for-navratri,,5599,,,,,,,,,,,,,,,,,,,,,
Look 016,Garba / Navratri,Chaniya Choli,Ivory,"An ivory chaniya choli with a white choli and a flared ivory skirt in tonal self-embroidery, styled with a sheer ivory dupatta. Picked for Garba and Navratri celebrations.",Premium White Cotton Chaniya Choli for Navratri,https://clothsvilla.com/products/white-cotton-chaniya-choli-for-navratri,,5899,,,,,,,,,,,,,,,,,,,,,
Look 017,Garba / Navratri,Chaniya Choli,Ivory,"An ivory chaniya choli with a cream choli and flared ivory skirt, styled with a red printed dupatta draped diagonally. Picked for Garba and Navratri celebrations.",Ivory Chaniya Choli,,,,Sandykart Sandykart Embroidered Semi Stitched Lehenga Choli (White),,,,Sandykart Sandykart Embroidered Semi Stitched Lehenga Choli (White),,,,Chinon duppata with heavy fancylace II party duppatta || fancy duppata || womens duppata II lehriya print duppata II wedding duppata by VAMIKA,,,,,,,,,,,,
Look 018,Garba / Navratri,Chaniya Choli,Ivory,"An ivory chaniya choli with a white embroidered choli and a flared ivory skirt, styled with a red mirror-work dupatta over one shoulder. Picked for Garba and Navratri celebrations.",Ivory Chaniya Choli,,,,"Meghayu Meghayu Embroidered, Embellished Semi Stitched Lehenga & Crop Top (White)",,,,"Meghayu Meghayu Embroidered, Embellished Semi Stitched Lehenga & Crop Top (White)",,,,"Sai Fashions Sai Fashions Cotton Blend Embroidered Red, Multicolor Women Dupatta",,,,,,,,,,,,
Look 019,Garba / Navratri,Chaniya Choli,Black,"A black chaniya choli with a black choli and flared black skirt, styled with a red and multicolour patola dupatta. Picked for Garba and Navratri celebrations.",Black Chaniya Choli,,,,ENIFASHION ENIFASHION Casual Sleeveless Solid Women Black Top,,,,SHIVANSHI CREATION (SC),,,,KALINI Ethnic Motifs Woven Design Dupatta with Zari,,,,,,,,,,,,
Look 020,Garba / Navratri,Chaniya Choli,Red,"A red chaniya choli with a mirror-embellished choli and a flared skirt shading into multicolour patola patchwork, styled with a patola dupatta. Picked for Garba and Navratri celebrations.",Red Chaniya Choli,,,,,,,,,,,,,,,,,,,,,,,,
Look 021,Garba / Navratri,Chaniya Choli,Ivory,An ivory chaniya choli pairing a red printed halter choli with a plain flared ivory skirt. Picked for Garba and Navratri celebrations.,Ivory Chaniya Choli,,,,InWeave Floral Print Halter Neck Tropical Crop Top,,,,StyleCast x Revolte A-Line Maxi Skirts,,,,,,,,,,,,,,,,
Look 022,Garba / Navratri,Chaniya Choli,Ivory,"An ivory chaniya choli with a red choli and a flared ivory skirt finished with a red patola border, styled with a red patola dupatta. Picked for Garba and Navratri celebrations.",Ivory Chaniya Choli,,,,,,,,,,,,,,,,,,,,,,,,
Look 023,Garba / Navratri,Chaniya Choli,Multicolour,"A multicolour chaniya choli in bold patola-style patchwork panels of red, green and white, worn with a full-sleeve embellished choli. Picked for Garba and Navratri celebrations.",Multicolour Chaniya Choli,,,,,,,,,,,,,,,,,,,,,,,,
Look 024,Garba / Navratri,Chaniya Choli,Black,"A black chaniya choli with a black choli and flared black skirt bordered in dense multicolour Kutch mirror-work, styled with a black dupatta. Picked for Garba and Navratri celebrations.",Black Chaniya Choli,,,,,,,,,,,,,,,,,,,,,,,,
Look 025,Garba / Navratri,Chaniya Choli,Red,"A red chaniya choli in colour-blocked red, black and white panels with heavy mirror-work and latkans, worn with a matching choli. Picked for Garba and Navratri celebrations.",Red Chaniya Choli,https://www.dishacreation.in/product-page/black-red-mirror-embroidered-chaniya-choli,,,Gujarati Chaniya Choli Navratri Special Women Black & Maroon Printed Lehenga Choli Set Stylish Designer Ethnic Wear for Garba & Dandiya Semi-Stitched Pair,,,,Gujarati Chaniya Choli Navratri Special Women Black & Maroon Printed Lehenga Choli Set Stylish Designer Ethnic Wear for Garba & Dandiya Semi-Stitched Pair,,,,,,,,,,,,,,,,
Look 026,Garba / Navratri,Chaniya Choli,Ivory,"An ivory chaniya choli with a white choli and a plain flared white skirt, styled with a vivid yellow bandhani dupatta. Picked for Garba and Navratri celebrations.",Ivory Chaniya Choli,https://www.myntra.com/lehenga-choli/pinkfort/pink-fort-bandhani-printed-ready-to-wear-lehenga--blouse-with-dupatta/25065162/buy,,,AURELIA Women Lehenga Choli Set with Dupatta (Red),,,,AURELIA Women Lehenga Choli Set with Dupatta (Red),,,,AURELIA Women Lehenga Choli Set with Dupatta (Red),,,,,,,,,,,,
Look 027,Garba / Navratri,Chaniya Choli,Ivory,An ivory chaniya choli pairing a grey-blue printed full-sleeve choli with a plain flared ivory skirt. Picked for Garba and Navratri celebrations.,Ivory Chaniya Choli,,,,Purvaja Printed Flared Lehenga Choli Set & Dupatta (Multi),,,,Purvaja Printed Flared Lehenga Choli Set & Dupatta (Multi),,,,Purvaja Printed Flared Lehenga Choli Set & Dupatta (Multi),,,,,,,,,,,,
Look 028,Garba / Navratri,Lehenga,Ivory,"An ivory lehenga with a flared skirt scattered with gold and pastel floral motifs at the hem, worn with a matching choli and a sheer cream dupatta. Picked for Garba and Navratri celebrations.",Ivory Lehenga,,,,"Shubh-Viyan Textiles Shubh-Viyan Textiles Solid, Bandhani, Leheriya, Digital Print Semi Stitched Lehenga Choli (Multicolor, Pink, Light Blue)",,,,"Shubh-Viyan Textiles Shubh-Viyan Textiles Solid, Bandhani, Leheriya, Digital Print Semi Stitched Lehenga Choli (Multicolor, Pink, Light Blue)",,,,,,,,,,,,,,,,
Look 029,Garba / Navratri,Chaniya Choli,Black,"A black chaniya choli with a black choli and flared black skirt, styled with a red and multicolour printed dupatta. Picked for Garba and Navratri celebrations.",Black Chaniya Choli,,,,KALINI Printed Sequinned Ready to Wear Lehenga & Blouse With Dupatta,,,,KALINI Printed Sequinned Ready to Wear Lehenga & Blouse With Dupatta,,,,KALINI Printed Sequinned Ready to Wear Lehenga & Blouse With Dupatta,,,,,,,,,,,,
Look 030,Garba / Navratri,Chaniya Choli,Black,"A black chaniya choli with a maroon choli and a flared black skirt patterned with large white mandala motifs, finished with a cream hem and a printed dupatta. Picked for Garba and Navratri celebrations.",Black Chaniya Choli,https://www.ajio.com/tanuka-women-embroidered-flared-lehenga-choli-set-with-dupatta/p/701579262_maroon,,,"Women Multicolor Bandhani Print Traditional Ghagra Choli with Dupatta | Mirror Work Navratri Lehenga Choli Set for Women | Garba, Dandiya, Wedding, Festive & Party Wear",,,,"Women Multicolor Bandhani Print Traditional Ghagra Choli with Dupatta | Mirror Work Navratri Lehenga Choli Set for Women | Garba, Dandiya, Wedding, Festive & Party Wear",,,,"Women Multicolor Bandhani Print Traditional Ghagra Choli with Dupatta | Mirror Work Navratri Lehenga Choli Set for Women | Garba, Dandiya, Wedding, Festive & Party Wear",,,,,,,,,,,,
Look 031,Garba / Navratri,Chaniya Choli,Black,"A black chaniya choli with a black choli and flared black skirt worked in dense multicolour mirror-work, styled with a matching colourful dupatta. Picked for Garba and Navratri celebrations.",Black Chaniya Choli,https://www.myntra.com/lehenga-choli/fabwindow/fab-window-embellished-mirror-work-ready-to-wear-lehenga--blouse-with-dupatta/38936543/buy,,,TANUKA Women Embellished Flared Lehenga Choli Set (Maroon),,,,TANUKA Women Embellished Flared Lehenga Choli Set (Maroon),,,,,,,,,,,,,,,,
Look 032,Garba / Navratri,Lehenga,Ivory,"An ivory lehenga with a flared skirt of gold zari chevron stripes, worn with a matching full-sleeve embellished choli. Picked for Garba and Navratri celebrations.",Ivory Lehenga,,,,PEDR TRENDS Embroidered Semi-Stitched Lehenga & Unstitched Blouse With Dupatta,,,,PEDR TRENDS Embroidered Semi-Stitched Lehenga & Unstitched Blouse With Dupatta,,,,PEDR TRENDS Embroidered Semi-Stitched Lehenga & Unstitched Blouse With Dupatta,,,,,,,,,,,,
Look 033,Garba / Navratri,Chaniya Choli,Black,"A black chaniya choli with a black choli and flared black skirt finished with a multicolour mirror-work border, styled with a red bandhani dupatta. Picked for Garba and Navratri celebrations.",Black Chaniya Choli,,,,Patola printed navratri chaniya choli,,,,,,,,,,,,,,,,,,,,
Look 034,Garba / Navratri,Lehenga,Red,"A red-and-ivory lehenga with a flared skirt in alternating red and ivory sequinned panels, worn with a red embellished choli and dupatta. Picked for Garba and Navratri celebrations.",Red Lehenga,https://www.myntra.com/lehenga-choli/panit/panit-off-white--red-printed-ready-to-wear-lehenga--blouse-with-dupatta/16911476/buy,,,Fabpixel Women Embellished Flared Lehenga Choli Set (Black),,,,Fabpixel Women Embellished Flared Lehenga Choli Set (Black),,,,,,,,,,,,,,,,
Look 035,Garba / Navratri,Lehenga,Ivory,"An ivory lehenga with a heavily embellished maroon choli and latkans, paired with a flared cream skirt. Picked for Garba and Navratri celebrations.",Ivory Lehenga,,,,"Shubh-Viyan Textiles Shubh-Viyan Textiles Bandhani, Printed Semi Stitched Lehenga & Crop Top (Multicolor)",,,,"Shubh-Viyan Textiles Shubh-Viyan Textiles Bandhani, Printed Semi Stitched Lehenga & Crop Top (Multicolor)",,,,,,,,,,,,,,,,
Look 036,Garba / Navratri,Lehenga,Ivory,"An ivory lehenga with a flared skirt of gold zari chevron stripes, worn with an embellished choli. Picked for Garba and Navratri celebrations.",Ivory Lehenga,,,,Nyrika Women Embroidered Flared Lehenga Choli Set with Dupatta (Green),,,,Nyrika Women Embroidered Flared Lehenga Choli Set with Dupatta (Green),,,,Nyrika Women Embroidered Flared Lehenga Choli Set with Dupatta (Green),,,,,,,,,,,,
Look 037,Garba / Navratri,Chaniya Choli,Ivory,"An ivory chaniya choli pairing a black full-sleeve choli in multicolour mirror embroidery with blue latkans, and a plain flared cream skirt. Picked for Garba and Navratri celebrations.",Ivory Chaniya Choli,,,,KALINI Embroidered Thread Work Semi-Stitched Lehenga & Blouse With Dupatta,,,,KALINI Embroidered Thread Work Semi-Stitched Lehenga & Blouse With Dupatta,,,,KALINI Embroidered Thread Work Semi-Stitched Lehenga & Blouse With Dupatta,,,,,,,,,,,,
Look 038,Garba / Navratri,Chaniya Choli,Black,"A black chaniya choli with a dark embellished choli and a flared black skirt, styled with a red patola dupatta with a gold border. Picked for Garba and Navratri celebrations.",Black Chaniya Choli,https://www.meesho.com/black-45-meter-flare-georgette-fabric-heavy-western-wear-lehenga-choli-with-heavy-designer-embroidery-work-blouse-and-dupatta/p/gd9u4c,,,"Navarati Special Pure Rayon Gamathi Style Lahenga Choli, No Dupatta",,,,,,,,"Navarati Special Pure Rayon Gamathi Style Lahenga Choli, No Dupatta",,,,,,,,,,,,
Look 039,Garba / Navratri,Lehenga,Red,"A red lehenga with a flared red skirt striped in silver mirror-sequin work, paired with a contrasting black embellished choli. Picked for Garba and Navratri celebrations.",Red Lehenga,,,,MADHURAM TEXTILES Women Embellished Lehenga Choli Set (off white),,,,MADHURAM TEXTILES Women Embellished Lehenga Choli Set (off white),,,,,,,,,,,,,,,,
Look 040,Garba / Navratri,Chaniya Choli,Black,A black chaniya choli pairing a red choli and red patola dupatta with a flared black skirt accented with mirror motifs. Picked for Garba and Navratri celebrations.,Black Chaniya Choli,https://www.mirraw.com/designers/kayara-label/designs/black-red-cotton-navratri-lehenga-choli-set-with-real-mirror-work-and-georgette-dupatta-ethnic-lehenga,,,SALWAR STUDIO Pack of 3 Embellished Ready to Wear Lehenga & Blouse With Dupatta,,,,SALWAR STUDIO Pack of 3 Embellished Ready to Wear Lehenga & Blouse With Dupatta,,,,SALWAR STUDIO Pack of 3 Embellished Ready to Wear Lehenga & Blouse With Dupatta,,,,,,,,,,,,
Look 041,Garba / Navratri,Chaniya Choli,Ivory,"An ivory chaniya choli with a white choli and flared ivory skirt, styled with a navy-blue mirror-work dupatta. Picked for Garba and Navratri celebrations.",Ivory Chaniya Choli,https://www.myntra.com/Lehenga-Choli/Moda+Rapido/Moda-Rapido-Embroidered-Semi-Stitched-Lehenga--Unstitched-Blouse-With-Dupatta/40530935/buy,,,"Shubh-Viyan Textiles Shubh-Viyan Textiles Bandhani, Printed, Digital Print Semi Stitched Lehenga Choli (Multicolor)",,,,"Shubh-Viyan Textiles Shubh-Viyan Textiles Bandhani, Printed, Digital Print Semi Stitched Lehenga Choli (Multicolor)",,,,,,,,,,,,,,,,
Look 042,Garba / Navratri,Chaniya Choli,Multicolour,"A multicolour chaniya choli in ornate patola-style patchwork with a red tasselled border, styled with a red patola dupatta. Picked for Garba and Navratri celebrations.",Multicolour Chaniya Choli,https://www.meesho.com/womens-multicolor-chaniya-choli-for-dandiya-night-womens-designer-mirror-work-lahenga-choli-with-dupatta-womens-party-wear-lehnga-choli-with-dupatta/p/66ak0w,,,Satin Silk Printed Flaired Lehenga Choli for Women With Matching Blouse and Dupatta,,,,Satin Silk Printed Flaired Lehenga Choli for Women With Matching Blouse and Dupatta,,,,Satin Silk Printed Flaired Lehenga Choli for Women With Matching Blouse and Dupatta,,,,,,,,,,,,
Look 043,Garba / Navratri,Chaniya Choli,Ivory,An ivory chaniya choli pairing a multicolour embellished full-sleeve choli with a plain flared cream skirt. Picked for Garba and Navratri celebrations.,Ivory Chaniya Choli,https://www.ajio.com/kaizen-texo-fab-printed-flared-lehenga-choli-set-with-dupatta/p/465974046_cream,,,Nyrika Women Printed Lehenga Choli Set with Dupatta (Wine),,,,Nyrika Women Printed Lehenga Choli Set with Dupatta (Wine),,,,Nyrika Women Printed Lehenga Choli Set with Dupatta (Wine),,,,,,,,,,,,
Look 044,Garba / Navratri,Chaniya Choli,Navy,"A navy chaniya choli with a flared navy skirt of multicolour floral motifs and a patola band, styled with a white mirror-work dupatta. Picked for Garba and Navratri celebrations.",Navy Chaniya Choli,https://www.ajio.com/tanuka-women-embroidery-lehenga-choli-set-with-dupatta/p/701637059_blue,,,KALINI Embroidered Art Silk Semi-Stitched Lehenga & Unstitched Blouse & Dupatta,,,,KALINI Embroidered Art Silk Semi-Stitched Lehenga & Unstitched Blouse & Dupatta,,,,KALINI Embroidered Art Silk Semi-Stitched Lehenga & Unstitched Blouse & Dupatta,,,,,,,,,,,,
Look 045,Garba / Navratri,Chaniya Choli,Ivory,"An ivory chaniya choli in dense multicolour Kutch prints across a full flared skirt, worn with a matching choli. Picked for Garba and Navratri celebrations.",Ivory Chaniya Choli,https://www.ajio.com/kaizen-texo-fab-geometric-print-flared-lehenga-choli-set-with-dupatta/p/465694627_multi,,,Premium Multicolor Roman Silk Navratri Lehenga Choli with Heavy Kutchi Embroidery Blouse | Garba & Festive Wear no duppta,,,,Premium Multicolor Roman Silk Navratri Lehenga Choli with Heavy Kutchi Embroidery Blouse | Garba & Festive Wear no duppta,,,,,,,,,,,,,,,,
Look 046,Garba / Navratri,Chaniya Choli,Ivory,"An ivory chaniya choli with a voluminous textured white skirt, worn with a choli and a pink dupatta. Picked for Garba and Navratri celebrations.",Ivory Chaniya Choli,https://www.flipkart.com/livewear-solid-embellished-stitched-lehenga-choli/p/itm6259bcb8d4d05,,,SVARAA Women Decorative/Art Deco Lehenga Choli Set with Dupatta (Mustard),,,,SVARAA Women Decorative/Art Deco Lehenga Choli Set with Dupatta (Mustard),,,,SVARAA Women Decorative/Art Deco Lehenga Choli Set with Dupatta (Mustard),,,,,,,,,,,,
Look 047,Garba / Navratri,Chaniya Choli,Plum,"A plum chaniya choli with a purple choli and a flared plum skirt, styled with a cream dupatta. Picked for Garba and Navratri celebrations.",Plum Chaniya Choli,,,,Gk Trendz Embroidered Thread Work Ready to Wear Lehenga & Blouse With Dupatta,,,,Gk Trendz Embroidered Thread Work Ready to Wear Lehenga & Blouse With Dupatta,,,,Gk Trendz Embroidered Thread Work Ready to Wear Lehenga & Blouse With Dupatta,,,,,,,,,,,,
Look 048,Garba / Navratri,Lehenga,Ivory,"An ivory lehenga with a flared skirt of diagonal gold zari chevron stripes, paired with a multicolour embroidered choli. Picked for Garba and Navratri celebrations.",Ivory Lehenga,,,,"Shubh-Viyan Textiles Shubh-Viyan Textiles Bandhani, Floral Print, Printed, Geometric Print, Leheriya, Digital Print Semi Stitched Lehenga Choli (Multicolor)",,,,"Shubh-Viyan Textiles Shubh-Viyan Textiles Bandhani, Floral Print, Printed, Geometric Print, Leheriya, Digital Print Semi Stitched Lehenga Choli (Multicolor)",,,,,,,,,,,,,,,,
Look 049,Garba / Navratri,Chaniya Choli,Black,"A black chaniya choli with a flared skirt of vertical multicolour striped panels, worn with a black choli and a mustard dupatta. Picked for Garba and Navratri celebrations.",Black Chaniya Choli,https://www.meesho.com/traditional-black-red-patola-print-chaniya-choli-lehenga-set-with-heavy-dupatta/p/h1o5ld,,,Women Georgette Embroidery Lehenga Choli With Dupatta,,,,Women Georgette Embroidery Lehenga Choli With Dupatta,,,,Women Georgette Embroidery Lehenga Choli With Dupatta,,,,,,,,,,,,
Look 050,Garba / Navratri,Chaniya Choli,Red,"A red-and-ivory chaniya choli with a red choli and a flared ivory skirt patterned with red patola prints and mirror motifs, styled with a red dupatta. Picked for Garba and Navratri celebrations.",Red Chaniya Choli,https://www.myntra.com/lehenga-choli/juniper/juniper-maroon--gold-toned-embroidered-ready-to-wear-lehenga--blouse-with-dupatta/16125864/buy,,,Nyrika Women Embroidered Flared Lehenga Choli Set with Dupatta (Purple),,,,Nyrika Women Embroidered Flared Lehenga Choli Set with Dupatta (Purple),,,,Nyrika Women Embroidered Flared Lehenga Choli Set with Dupatta (Purple),,,,,,,,,,,,
Look 051,Garba / Navratri,Chaniya Choli,Black,"A black chaniya choli with a flared black skirt in small white ikat spots, worn with a black choli. Picked for Garba and Navratri celebrations.",Black Chaniya Choli,https://www.meesho.com/traditional-black-red-patola-print-chaniya-choli-lehenga-set-with-heavy-dupatta/p/h1o5ld,,,Kaizen TEXO FAB Multicolour Semistitched Croptop Choli With Unstitched Blouse,,,,,,,,,,,,,,,,,,,,
Look 052,Garba / Navratri,Chaniya Choli,Black,"A black chaniya choli with a black choli and a flared black skirt finished in a broad maroon patola border, styled with a maroon patola dupatta. Picked for Garba and Navratri celebrations.",Black Chaniya Choli,https://www.meesho.com/traditional-black-red-patola-print-chaniya-choli-lehenga-set-with-heavy-dupatta/p/h1o5ld,,,"Shubh-Viyan Textiles Shubh-Viyan Textiles Bandhani, Floral Print, Printed, Chevron/Zig Zag, Digital Print Semi Stitched Lehenga Choli (Multicolor)",,,,"Shubh-Viyan Textiles Shubh-Viyan Textiles Bandhani, Floral Print, Printed, Chevron/Zig Zag, Digital Print Semi Stitched Lehenga Choli (Multicolor)",,,,,,,,,,,,,,,,
Look 053,Garba / Navratri,Chaniya Choli,Black,"A black chaniya choli with a flared black skirt finished in a vivid multicolour patola and mirror border, styled with a multicolour tasselled dupatta. Picked for Garba and Navratri celebrations.",Black Chaniya Choli,https://www.dishacreation.in/product-page/traditional-multicolor-mirror-embroidered-chaniya-choli,,,TUHIRAAJ Women’s Traditional Navratri Garba Printed Lehenga Choli Set,,,,TUHIRAAJ Women’s Traditional Navratri Garba Printed Lehenga Choli Set,,,,,,,,,,,,,,,,
Look 054,Garba / Navratri,Chaniya Choli,Black,"A black chaniya choli in a plain black choli and skirt, styled with a bold multicolour Kutch-patchwork dupatta. Picked for Garba and Navratri celebrations.",Black Chaniya Choli,https://www.ajio.com/svaraa-satin-silk-patola-print-lehenga-choli-with-dupatta/p/701252251_black,,,Fabpixel Women Embellished & Embroidery Lehenga Choli Set with Dupatta (Beige),,,,Fabpixel Women Embellished & Embroidery Lehenga Choli Set with Dupatta (Beige),,,,Fabpixel Women Embellished & Embroidery Lehenga Choli Set with Dupatta (Beige),,,,,,,,,,,,
Look 055,Garba / Navratri,Chaniya Choli,Black,"A black chaniya choli with a flared black skirt finished in a red and multicolour patola border, styled with a red dupatta. Picked for Garba and Navratri celebrations.",Black Chaniya Choli,https://www.flipkart.com/fashion-filament-live-your-embroidered-semi-stitched-lehenga-choli/p/itmd50ffcc2cfbb0?ov_redirect=true,,,UDBHAV EXPORT Embroidered Thread Work Semi-Stitched Lehenga & Blouse With Dupatta,,,,UDBHAV EXPORT Embroidered Thread Work Semi-Stitched Lehenga & Blouse With Dupatta,,,,UDBHAV EXPORT Embroidered Thread Work Semi-Stitched Lehenga & Blouse With Dupatta,,,,,,,,,,,,
Look 056,Garba / Navratri,Chaniya Choli,Ivory,"An ivory chaniya choli with a red choli and a flared ivory skirt finished in a red patola border, styled with a red patola dupatta. Picked for Garba and Navratri celebrations.",Ivory Chaniya Choli,https://www.meesho.com/womens-collection-dolla-silk-lehenga-choli-patola-print-with-foil-work-with-unstitched-blouse/p/7vbqcr,,,Satin Silk Printed Flaired Lehenga Choli for Women With Matching Blouse and Dupatta,,,,Satin Silk Printed Flaired Lehenga Choli for Women With Matching Blouse and Dupatta,,,,Satin Silk Printed Flaired Lehenga Choli for Women With Matching Blouse and Dupatta,,,,,,,,,,,,
Look 057,Garba / Navratri,Lehenga,Maroon,"A maroon lehenga with a flared skirt in patola-style panels and gold detailing, worn with an embellished choli and dupatta. Picked for Garba and Navratri celebrations.",Maroon Lehenga,https://www.ajio.com/kaizen-texo-fab-satin-silk-flared-bandhani-patola-crop-top-lehenga-choli-set/p/464421753_grey,,,RENVAANI FASHION Women Woven Flared Lehenga & Choli Set with Dupatta (Gold),,,,RENVAANI FASHION Women Woven Flared Lehenga & Choli Set with Dupatta (Gold),,,,RENVAANI FASHION Women Woven Flared Lehenga & Choli Set with Dupatta (Gold),,,,,,,,,,,,
Look 058,Garba / Navratri,Chaniya Choli,Black,"A black chaniya choli in a plain black choli and skirt, layered with a long multicolour patola open jacket. Picked for Garba and Navratri celebrations.",Black Chaniya Choli,https://www.myntra.com/lehenga-choli/fabwindow/fab-window-embellished-mirror-work-ready-to-wear-lehenga--blouse-with-dupatta/38936543/buy,,,BAESD Embroidered Thread Work Semi-Stitched Lehenga & Blouse With Dupatta,,,,BAESD Embroidered Thread Work Semi-Stitched Lehenga & Blouse With Dupatta,,,,BAESD Embroidered Thread Work Semi-Stitched Lehenga & Blouse With Dupatta,,,,,,,,,,,,
Look 059,Garba / Navratri,Chaniya Choli,Black,"A black chaniya choli with a flared black skirt finished in vivid multicolour patola tiers, styled with a green dupatta. Picked for Garba and Navratri celebrations.",Black Chaniya Choli,https://www.dishacreation.in/product-page/traditional-multicolor-mirror-embroidered-chaniya-choli,,,Women's Pure Rayon Gota Patti work Semi-Stitched Lehenga Choli Set Lehenga with Pure Rayon Unstitched Blouse ( 5 METER FLARE - NO DUPATTA) Designer Garba Chaniya Choli for Navratri Festival Party Wear,,,,Women's Pure Rayon Gota Patti work Semi-Stitched Lehenga Choli Set Lehenga with Pure Rayon Unstitched Blouse ( 5 METER FLARE - NO DUPATTA) Designer Garba Chaniya Choli for Navratri Festival Party Wear,,,,Women's Pure Rayon Gota Patti work Semi-Stitched Lehenga Choli Set Lehenga with Pure Rayon Unstitched Blouse ( 5 METER FLARE - NO DUPATTA) Designer Garba Chaniya Choli for Navratri Festival Party Wear,,,,,,,,,,,,
Look 060,Garba / Navratri,Chaniya Choli,Multicolour,"A multicolour chaniya choli in vivid pink and orange patchwork prints across a full flared skirt, worn with a pink choli. Picked for Garba and Navratri celebrations.",Multicolour Chaniya Choli,https://www.meesho.com/womens-multicolor-chaniya-choli-for-dandiya-night-womens-designer-mirror-work-lahenga-choli-with-dupatta-womens-party-wear-lehnga-choli-with-dupatta/p/66ak0w,,,Jihu Culture Women Embroidered Kalidar Lehenga Choli Set (Green),,,,Jihu Culture Women Embroidered Kalidar Lehenga Choli Set (Green),,,,,,,,,,,,,,,,
Look 061,Garba / Navratri,Chaniya Choli,Black,"A black chaniya choli with a black choli and flared black skirt finished with a multicolour mirror-work border, styled with a red patola dupatta. Picked for Garba and Navratri celebrations.",Black Chaniya Choli,https://www.flipkart.com/fashion-filament-live-your-embroidered-semi-stitched-lehenga-choli/p/itmd50ffcc2cfbb0?ov_redirect=true,,,KALINI Embroidered Sequinned Semi-Stitched Lehenga & Blouse With Dupatta,,,,KALINI Embroidered Sequinned Semi-Stitched Lehenga & Blouse With Dupatta,,,,KALINI Embroidered Sequinned Semi-Stitched Lehenga & Blouse With Dupatta,,,,,,,,,,,,
Look 062,Garba / Navratri,Indo-Western,Ivory,An ivory indo-western set pairing a black crop top and cream palazzo with a long embroidered maroon open jacket with tassels. Picked for Garba and Navratri celebrations.,Ivory Indo-Western,https://www.cbazaar.com/in/product/black-rayon-cotton-mirror-work-embroidered-indowestern-long-choli-chaniya-set-for-navratri-p-iwsusro8030,,,Multicolour Printed Rayon Navratri Lehenga Choli | Festive Ethnic Wear for Women | Stylish Traditional Outfit for Garba and Dandiya Nights,,,,Multicolour Printed Rayon Navratri Lehenga Choli | Festive Ethnic Wear for Women | Stylish Traditional Outfit for Garba and Dandiya Nights,,,,,,,,,,,,,,,,
Look 063,Garba / Navratri,Chaniya Choli,Black,"A black chaniya choli with a black choli and flared black skirt finished in a multicolour patola border, styled with a patola dupatta. Picked for Garba and Navratri celebrations.",Black Chaniya Choli,https://www.dishacreation.in/product-page/traditional-multicolor-mirror-embroidered-chaniya-choli,,,PURVAJA Navy Blue & Pink Semi-Stitched Lehenga & Unstitched Blouse With Dupatta,,,,PURVAJA Navy Blue & Pink Semi-Stitched Lehenga & Unstitched Blouse With Dupatta,,,,PURVAJA Navy Blue & Pink Semi-Stitched Lehenga & Unstitched Blouse With Dupatta,,,,,,,,,,,,
Look 064,Garba / Navratri,Chaniya Choli,Black,A black chaniya choli pairing a densely multicolour mirror-worked choli with a plain flared black skirt. Picked for Garba and Navratri celebrations.,Black Chaniya Choli,https://www.myntra.com/lehenga-choli/fabwindow/fab-window-embellished-mirror-work-ready-to-wear-lehenga--blouse-with-dupatta/38936543/buy,,,"Shubh-Viyan Textiles Shubh-Viyan Textiles Bandhani, Floral Print, Printed, Geometric Print, Leheriya, Digital Print Semi Stitched Lehenga Choli (Multicolor)",,,,"Shubh-Viyan Textiles Shubh-Viyan Textiles Bandhani, Floral Print, Printed, Geometric Print, Leheriya, Digital Print Semi Stitched Lehenga Choli (Multicolor)",,,,,,,,,,,,,,,,
Look 065,Garba / Navratri,Chaniya Choli,Black,"A black chaniya choli with a black choli and flared black skirt with gold trim, styled with a bold multicolour patola patchwork dupatta. Picked for Garba and Navratri celebrations.",Black Chaniya Choli,https://www.rajwadi.com/multicolor-embroidereed-silk-chaniya-choli-wcs70443,,,Nyrika Women Embroidered Flared Lehenga Choli Set with Dupatta (Pink),,,,Nyrika Women Embroidered Flared Lehenga Choli Set with Dupatta (Pink),,,,Nyrika Women Embroidered Flared Lehenga Choli Set with Dupatta (Pink),,,,,,,,,,,,
Look 066,Garba / Navratri,Chaniya Choli,Black,"A black chaniya choli with an embellished choli and a flared black skirt inset with maroon patola panels and gold coin buttons, finished with waist latkans. Picked for Garba and Navratri celebrations.",Black Chaniya Choli,https://www.flipkart.com/fashion-filament-live-your-embroidered-semi-stitched-lehenga-choli/p/itmd50ffcc2cfbb0?ov_redirect=true,,,ghagra choli new semi stitched navratri lehenga choli for women wedding party . latest festive trendy styles lehenga 2026 for women Under 3000,,,,ghagra choli new semi stitched navratri lehenga choli for women wedding party . latest festive trendy styles lehenga 2026 for women Under 3000,,,,,,,,,,,,,,,,
Look 067,Garba / Navratri,Chaniya Choli,Ivory,"An ivory chaniya choli pairing a multicolour patchwork choli with a flared white skirt, styled with a multicolour patola dupatta. Picked for Garba and Navratri celebrations.",Ivory Chaniya Choli,https://www.meesho.com/womens-collection-dolla-silk-lehenga-choli-patola-print-with-foil-work-with-unstitched-blouse/p/7vbqcr,,,KALINI Embroidered Thread Work Semi-Stitched Lehenga & Blouse With Dupatta,,,,KALINI Embroidered Thread Work Semi-Stitched Lehenga & Blouse With Dupatta,,,,KALINI Embroidered Thread Work Semi-Stitched Lehenga & Blouse With Dupatta,,,,,,,,,,,,
Look 068,Garba / Navratri,Chaniya Choli,Ivory,"An ivory chaniya choli with a flared white skirt finished in a broad red patola border, styled with a red patola dupatta. Picked for Garba and Navratri celebrations.",Ivory Chaniya Choli,https://www.ajio.com/kaizen-texo-fab-satin-silk-flared-bandhani-patola-crop-top-lehenga-choli-set/p/464611090_yellow,,,"Shubh-Viyan Textiles Shubh-Viyan Textiles Bandhani, Printed, Digital Print Semi Stitched Lehenga Choli (Multicolor)",,,,"Shubh-Viyan Textiles Shubh-Viyan Textiles Bandhani, Printed, Digital Print Semi Stitched Lehenga Choli (Multicolor)",,,,,,,,,,,,,,,,
Look 069,College Fest,Palazzo Suit,Ivory,An ivory palazzo suit with a self-embroidered cream kurta and matching palazzo and dupatta. Picked for college fest and daytime celebrations.,Ivory Palazzo Suit,,,,,,,,,,,,,,,,,,,,,,,,
Look 070,College Fest,Lehenga,Purple,A plum lehenga pairing an embellished purple crop top with a flared purple skirt. Picked for college fest and daytime celebrations.,Purple Lehenga,,,,Inddus Women Purple Floral Embroidered Top & Skirt,,,,Inddus Women Purple Floral Embroidered Top & Skirt,,,,,,,,,,,,,,,,
Look 071,College Fest,Lehenga,Wine,A wine lehenga pairing a peplum top with a flared wine skirt and a sheer dupatta. Picked for college fest and daytime celebrations.,Wine Lehenga,,,,Georgette Embroidered Stiched Kurta set for women's|Sharara set for women |Gharara set|Trending Sharara set|Sharara suit|New design|Green sharara|Blue Sharara,,,,Georgette Embroidered Stiched Kurta set for women's|Sharara set for women |Gharara set|Trending Sharara set|Sharara suit|New design|Green sharara|Blue Sharara,,,,,,,,,,,,,,,,
Look 072,College Fest,Indo-Western,Ivory,An ivory indo-western set pairing a pink floral crop top with a cream palazzo. Picked for college fest and daytime celebrations.,Ivory Indo-Western,,,,MADHURAM Women Floral Embroidered Regular Top & Palazzos With Dupatta,,,,MADHURAM Women Floral Embroidered Regular Top & Palazzos With Dupatta,,,,MADHURAM Women Floral Embroidered Regular Top & Palazzos With Dupatta,,,,,,,,,,,,
Look 073,College Fest,Indo-Western,Ivory,An ivory indo-western set pairing a black embroidered velvet top with a cream palazzo. Picked for college fest and daytime celebrations.,Ivory Indo-Western,,,,"Trending Black Kurti , Casual Ethnic Wear Y,20",,,,De Moza Women Viscose Pleated Palazzo Pants with Functional Pockets,,,,,,,,,,,,,,,,
Look 074,College Fest,Indo-Western,Pink,An indo-western look pairing a white top and blue jeans with a long pink floral open shrug. Picked for college fest and daytime celebrations.,Pink Indo-Western,,,,,,,,,,,,,,,,,,,,,,,,
Look 075,College Fest,Indo-Western,Ivory,An ivory indo-western set pairing a black crop top and cream palazzo with a gold waist belt. Picked for college fest and daytime celebrations.,Ivory Indo-Western,,,,LADYGLOW Women Ribbed Slim Fit Crop Tank Top (Black),,,,"Waist Chain for Women for Saree Gold Metal Concho Waist Belt Stylish Boho Western Hip Belt Fashion Adjustable Cowgirl Jewellery Chain Belts for Dresses, Jeans, Skirts, Beachs Outfits (Gold Chain)",,,,LERIYA FASHION Women Tiered Flared Maxi Skirt,,,,,,,,,,,,
Look 076,College Fest,Midi Dress,Yellow,A pale-yellow tiered midi dress layered with a white cropped shrug. Picked for college fest and daytime celebrations.,Yellow Midi Dress,,,,,,,,,,,,,,,,,,,,,,,,
Look 077,College Fest,Crop Top & Skirt,Ivory,An ivory skirt set pairing a maroon crop top with a tiered flared ivory skirt. Picked for college fest and daytime celebrations.,Ivory Crop Top & Skirt,,,,WOMENSTER Women Ribbed Slim Fit Crop Top (Maroon),,,,Suo Women Maxi Flared Skirt,,,,,,,,,,,,,,,,
Look 078,College Fest,Crop Top & Skirt,Navy,A navy skirt set pairing a black crop top with a flared navy block-printed skirt. Picked for college fest and daytime celebrations.,Navy Crop Top & Skirt,,,,,,,,,,,,,,,,,,,,,,,,
Look 079,College Fest,Indo-Western,Ivory,An ivory indo-western look pairing a white chikankari long kurta with blue jeans. Picked for college fest and daytime celebrations.,Ivory Indo-Western,,,,,,,,,,,,,,,,,,,,,,,,
Look 080,College Fest,Crop Top & Skirt,Rose Gold,A rose-gold peplum set pairing a shimmery peplum top with a matching flared skirt. Picked for college fest and daytime celebrations.,Rose Gold Crop Top & Skirt,,,,,,,,,,,,,,,,,,,,,,,,
Look 081,College Fest,Crop Top & Skirt,Rust,A rust skirt set pairing a black crop top with a flared rust ajrakh block-printed skirt. Picked for college fest and daytime celebrations.,Rust Crop Top & Skirt,,,,,,,,,,,,,,,,,,,,,,,,
Look 082,College Fest,Crop Top & Skirt,Ivory,An ivory skirt set pairing a red embroidered crop top with a flared white skirt. Picked for college fest and daytime celebrations.,Ivory Crop Top & Skirt,,,,,,,,,,,,,,,,,,,,,,,,
Look 083,College Fest,Lehenga,Cream,"A cream tissue lehenga with a gold-bordered flared skirt, styled with a red net dupatta. Picked for college fest and daytime celebrations.",Cream Lehenga,,,,,,,,,,,,,,,,,,,,,,,,
Look 084,College Fest,Crop Top & Skirt,Ivory,An ivory skirt set pairing an embellished white top with a tiered flared white skirt. Picked for college fest and daytime celebrations.,Ivory Crop Top & Skirt,,,,,,,,,,,,,,,,,,,,,,,,
Look 085,College Fest,Indo-Western,Green,A green indo-western set pairing a mirror-embroidered gold jacket with a flared dark-green skirt. Picked for college fest and daytime celebrations.,Green Indo-Western,,,,,,,,,,,,,,,,,,,,,,,,
Look 086,College Fest,Crop Top & Skirt,Maroon,A maroon and ivory set pairing a maroon printed full-sleeve top with a flared ivory skirt. Picked for college fest and daytime celebrations.,Maroon Crop Top & Skirt,,,,,,,,,,,,,,,,,,,,,,,,
Look 087,College Fest,Indo-Western,Ivory,An ivory indo-western set pairing a multicolour floral peplum top with a cream palazzo. Picked for college fest and daytime celebrations.,Ivory Indo-Western,,,,,,,,,,,,,,,,,,,,,,,,
Look 088,College Fest,Sharara Set,Yellow,A yellow floral sharara set with a sleeveless top and matching flared sharara. Picked for college fest and daytime celebrations.,Yellow Sharara Set,,,,,,,,,,,,,,,,,,,,,,,,
Look 089,College Fest,Crop Top & Skirt,Mint Green,"A mint-green skirt set pairing a fitted top with a tiered flared mint skirt, styled with a maroon patola dupatta. Picked for college fest and daytime celebrations.",Mint Green Crop Top & Skirt,,,,,,,,,,,,,,,,,,,,,,,,
Look 090,College Fest,Indo-Western,Ivory,An ivory indo-western set pairing a red embroidered kurti with a flared white palazzo. Picked for college fest and daytime celebrations.,Ivory Indo-Western,,,,,,,,,,,,,,,,,,,,,,,,
Look 091,College Fest,Crop Top & Skirt,Ivory,An ivory skirt set pairing a red floral crop top with a flared cream satin skirt. Picked for college fest and daytime celebrations.,Ivory Crop Top & Skirt,,,,,,,,,,,,,,,,,,,,,,,,
Look 092,College Fest,Crop Top & Skirt,Black,A black skirt set pairing a black crop top and flared black skirt with a multicolour patola dupatta. Picked for college fest and daytime celebrations.,Black Crop Top & Skirt,,,,,,,,,,,,,,,,,,,,,,,,
Look 093,College Fest,Lehenga,Maroon,A maroon lehenga pairing a brocade crop top with a flared maroon brocade skirt with gold motifs. Picked for college fest and daytime celebrations.,Maroon Lehenga,,,,,,,,,,,,,,,,,,,,,,,,
Look 094,College Fest,Indo-Western,Navy,An indo-western look pairing a rust top and blue jeans with a long navy floral printed open shrug. Picked for college fest and daytime celebrations.,Navy Indo-Western,,,,,,,,,,,,,,,,,,,,,,,,
Look 095,College Fest,Lehenga,Ivory,"An ivory lehenga pairing a pink choli with a flared cream net skirt and a pink dupatta, cinched with a gold belt. Picked for college fest and daytime celebrations.",Ivory Lehenga,,,,,,,,,,,,,,,,,,,,,,,,
Look 096,College Fest,Lehenga,Ivory,An ivory lehenga pairing a green choli with a flared cream skirt with a gold border and a green dupatta. Picked for college fest and daytime celebrations.,Ivory Lehenga,,,,,,,,,,,,,,,,,,,,,,,,
Look 097,College Fest,Lehenga,Cream,A cream lehenga pairing a black choli with a flared gold-toned skirt and a black net dupatta. Picked for college fest and daytime celebrations.,Cream Lehenga,,,,,,,,,,,,,,,,,,,,,,,,
Look 098,College Fest,Crop Top & Skirt,Ivory,An ivory skirt set pairing a red printed top with a tiered flared white skirt. Picked for college fest and daytime celebrations.,Ivory Crop Top & Skirt,,,,,,,,,,,,,,,,,,,,,,,,
Look 099,College Fest,Sharara Set,Beige,A pastel floral sharara set with a peplum top and matching flared sharara. Picked for college fest and daytime celebrations.,Beige Sharara Set,,,,,,,,,,,,,,,,,,,,,,,,
Look 100,College Fest,Sharara Set,Mint Green,A mint-green sharara set pairing an embroidered peplum top with a flared sharara. Picked for college fest and daytime celebrations.,Mint Green Sharara Set,,,,,,,,,,,,,,,,,,,,,,,,
Look 101,College Fest,Crop Top & Skirt,Ivory,An ivory skirt set pairing a teal embroidered crop top with a tiered flared white skirt. Picked for college fest and daytime celebrations.,Ivory Crop Top & Skirt,,,,,,,,,,,,,,,,,,,,,,,,
Look 102,College Fest,Indo-Western,Ivory,An ivory indo-western set pairing a powder-blue embroidered flared-sleeve top with a white flared skirt. Picked for college fest and daytime celebrations.,Ivory Indo-Western,,,,,,,,,,,,,,,,,,,,,,,,
Look 103,College Fest,Indo-Western,Sage Green,A sage-green indo-western set pairing an embellished crop top and palazzo with a long open jacket. Picked for college fest and daytime celebrations.,Sage Green Indo-Western,,,,,,,,,,,,,,,,,,,,,,,,
Look 104,College Fest,Crop Top & Skirt,Ivory,An ivory skirt set pairing a teal embroidered crop top with a flared white skirt. Picked for college fest and daytime celebrations.,Ivory Crop Top & Skirt,,,,,,,,,,,,,,,,,,,,,,,,
Look 105,College Fest,Crop Top & Skirt,Ivory,"An ivory skirt set pairing an embroidered white top with a tiered flared white skirt, cinched with a gold belt. Picked for college fest and daytime celebrations.",Ivory Crop Top & Skirt,,,,,,,,,,,,,,,,,,,,,,,,
Look 106,College Fest,Indo-Western,Brown,A brown indo-western set pairing a cream crop top and chocolate palazzo with a long floral printed shrug. Picked for college fest and daytime celebrations.,Brown Indo-Western,,,,,,,,,,,,,,,,,,,,,,,,
Look 107,College Fest,Lehenga,Red,A red lehenga pairing a black crop top with a flared red patola-print skirt and a red dupatta. Picked for college fest and daytime celebrations.,Red Lehenga,,,,,,,,,,,,,,,,,,,,,,,,
Look 108,College Fest,Indo-Western,Maroon,A maroon indo-western set pairing a crop top and palazzo with a printed shrug. Picked for college fest and daytime celebrations.,Maroon Indo-Western,,,,,,,,,,,,,,,,,,,,,,,,
Look 109,College Fest,Indo-Western,Pink,An indo-western set pairing an ivory kurti with an embroidered dusty-pink sharara. Picked for college fest and daytime celebrations.,Pink Indo-Western,,,,,,,,,,,,,,,,,,,,,,,,
Look 110,College Fest,Crop Top & Skirt,Green,A green skirt set pairing an embroidered crop top with a flared green skirt. Picked for college fest and daytime celebrations.,Green Crop Top & Skirt,,,,,,,,,,,,,,,,,,,,,,,,
Look 111,Diwali,Lehenga,Copper,A copper tissue lehenga with a gold zari-bordered flared skirt and a dupatta draped across the shoulder. Picked for Diwali celebrations.,Copper Lehenga,,,,,,,,,,,,,,,,,,,,,,,,
Look 112,Diwali,Sharara Set,Ivory,An ivory sharara set with an embroidered kurti and matching flared sharara with a sheer dupatta. Picked for Diwali celebrations.,Ivory Sharara Set,,,,,,,,,,,,,,,,,,,,,,,,
Look 113,Diwali,Anarkali,Lemon Yellow,A lemon-yellow anarkali with a chikankari hem and a matching dupatta. Picked for Diwali celebrations.,Lemon Yellow Anarkali,,,,,,,,,,,,,,,,,,,,,,,,
Look 114,Diwali,Sharara Set,Beige,A beige sharara set with an embroidered kurti and a flared cream sharara. Picked for Diwali celebrations.,Beige Sharara Set,,,,,,,,,,,,,,,,,,,,,,,,
Look 115,Diwali,Sharara Set,Beige,A beige sharara set pairing an embellished kurti with a flared beige sharara and a red dupatta. Picked for Diwali celebrations.,Beige Sharara Set,,,,,,,,,,,,,,,,,,,,,,,,
Look 116,Diwali,Anarkali,Rose Pink,A rose-pink anarkali with peacock and floral embroidery at the hem and a matching embroidered dupatta. Picked for Diwali celebrations.,Rose Pink Anarkali,,,,,,,,,,,,,,,,,,,,,,,,
Look 117,Diwali,Anarkali,Maroon,A maroon anarkali with a matching draped dupatta. Picked for Diwali celebrations.,Maroon Anarkali,,,,,,,,,,,,,,,,,,,,,,,,
Look 118,Diwali,Sharara Set,Mauve,A mauve sharara set with a bell-sleeve kurta and a flared sharara. Picked for Diwali celebrations.,Mauve Sharara Set,,,,,,,,,,,,,,,,,,,,,,,,
Look 119,Diwali,Palazzo Suit,Ivory,An ivory suit pairing a pink floral-embroidered kurta with a palazzo and dupatta. Picked for Diwali celebrations.,Ivory Palazzo Suit,,,,,,,,,,,,,,,,,,,,,,,,
Look 120,Diwali,Lehenga,Copper,"A copper lehenga with an embellished choli and flared skirt, cinched with a gold belt. Picked for Diwali celebrations.",Copper Lehenga,,,,,,,,,,,,,,,,,,,,,,,,
Look 121,Diwali,Indo-Western,Maroon,A maroon indo-western set pairing a crop top and flared skirt with a long embroidered shrug. Picked for Diwali celebrations.,Maroon Indo-Western,,,,,,,,,,,,,,,,,,,,,,,,
Look 122,Diwali,Indo-Western,Ivory,An ivory indo-western set pairing an embellished crop top and palazzo with a long peach embroidered shrug. Picked for Diwali celebrations.,Ivory Indo-Western,,,,,,,,,,,,,,,,,,,,,,,,
Look 123,Diwali,Anarkali,Ivory,An ivory anarkali with a gold-embroidered hem and a matching dupatta. Picked for Diwali celebrations.,Ivory Anarkali,,,,,,,,,,,,,,,,,,,,,,,,
Look 124,Diwali,Lehenga,Cream,"A cream lehenga with a gold-bordered flared skirt, styled with a red dupatta. Picked for Diwali celebrations.",Cream Lehenga,,,,,,,,,,,,,,,,,,,,,,,,
Look 125,Diwali,Anarkali,Ivory,An ivory anarkali with tonal chikankari embroidery and a matching dupatta. Picked for Diwali celebrations.,Ivory Anarkali,,,,,,,,,,,,,,,,,,,,,,,,
Look 126,Diwali,Sharara Set,Lemon Yellow,A lemon-yellow sharara set with an embroidered kurti and matching flared sharara. Picked for Diwali celebrations.,Lemon Yellow Sharara Set,,,,,,,,,,,,,,,,,,,,,,,,
Look 127,Diwali,Anarkali,Maroon,A maroon anarkali with a gold-embroidered hem and a matching dupatta. Picked for Diwali celebrations.,Maroon Anarkali,,,,,,,,,,,,,,,,,,,,,,,,
Look 128,Diwali,Lehenga,Maroon,A maroon lehenga pairing an embellished choli with a flared bandhani-print skirt. Picked for Diwali celebrations.,Maroon Lehenga,,,,,,,,,,,,,,,,,,,,,,,,
Look 129,Diwali,Lehenga,Gold,"A gold lehenga with a gold-bordered flared skirt, styled with a peach dupatta. Picked for Diwali celebrations.",Gold Lehenga,,,,,,,,,,,,,,,,,,,,,,,,
Look 130,Diwali,Sharara Set,Mint Green,A mint-green sharara set with an embellished kurti and a sheer embroidered dupatta. Picked for Diwali celebrations.,Mint Green Sharara Set,,,,,,,,,,,,,,,,,,,,,,,,
Look 131,Diwali,Sharara Set,Peach,A peach sharara set pairing an embellished crop top with a flared sharara and dupatta. Picked for Diwali celebrations.,Peach Sharara Set,,,,,,,,,,,,,,,,,,,,,,,,
Look 132,Diwali,Sharara Set,Taupe,A taupe sharara set with a peplum kurti and a flared sharara with a dupatta. Picked for Diwali celebrations.,Taupe Sharara Set,,,,,,,,,,,,,,,,,,,,,,,,
Look 133,Diwali,Lehenga,Mint Green,A mint-green lehenga pairing an embellished choli with a flared skirt. Picked for Diwali celebrations.,Mint Green Lehenga,,,,,,,,,,,,,,,,,,,,,,,,
Look 134,Diwali,Anarkali,Ivory,An ivory anarkali with gold gota-work border layers and a matching dupatta. Picked for Diwali celebrations.,Ivory Anarkali,,,,,,,,,,,,,,,,,,,,,,,,
Look 135,Diwali,Lehenga,Navy Blue,A navy-blue lehenga with a sequinned choli and a flared skirt with a gold scalloped border and a matching dupatta. Picked for Diwali celebrations.,Navy Blue Lehenga,,,,,,,,,,,,,,,,,,,,,,,,
Look 136,Diwali,Anarkali,Blush Pink,A blush-pink anarkali with an embroidered dupatta. Picked for Diwali celebrations.,Blush Pink Anarkali,,,,,,,,,,,,,,,,,,,,,,,,
Look 137,Diwali,Anarkali,Ivory,An ivory anarkali with a gold-bordered hem and a matching dupatta. Picked for Diwali celebrations.,Ivory Anarkali,,,,,,,,,,,,,,,,,,,,,,,,
Look 138,Diwali,Anarkali,Maroon,A maroon anarkali with gold booti motifs and a matching dupatta. Picked for Diwali celebrations.,Maroon Anarkali,,,,,,,,,,,,,,,,,,,,,,,,
Look 139,Diwali,Anarkali,Beige,"A beige anarkali with an embellished bodice, a layered flared hem and a tonal dupatta. Picked for Diwali celebrations.",Beige Anarkali,,,,,,,,,,,,,,,,,,,,,,,,
Look 140,Diwali,Lehenga,Olive Green,An olive-green lehenga pairing a choli with a flared skirt. Picked for Diwali celebrations.,Olive Green Lehenga,,,,,,,,,,,,,,,,,,,,,,,,
Look 141,Diwali,Sharara Set,Grey,A grey sharara set with a peplum kurti and a tiered flared sharara with a matching dupatta. Picked for Diwali celebrations.,Grey Sharara Set,,,,,,,,,,,,,,,,,,,,,,,,
Look 142,Diwali,Sharara Set,Cream,"A cream sharara set with an embellished kurti and a flared sharara, styled with a red bandhani dupatta. Picked for Diwali celebrations.",Cream Sharara Set,,,,,,,,,,,,,,,,,,,,,,,,
Look 143,Diwali,Sharara Set,Dusty Pink,A dusty-pink sharara set with a kurti and a flared sharara with a matching dupatta. Picked for Diwali celebrations.,Dusty Pink Sharara Set,,,,,,,,,,,,,,,,,,,,,,,,
Look 144,Diwali,Lehenga,Dusty Rose,"A dusty-rose lehenga with an embroidered-border flared skirt, styled with a gold-toned dupatta. Picked for Diwali celebrations.",Dusty Rose Lehenga,,,,,,,,,,,,,,,,,,,,,,,,
Look 145,Diwali,Sharara Set,Beige,A beige sharara set with a floral-embroidered kurti and a flared sharara with a matching dupatta. Picked for Diwali celebrations.,Beige Sharara Set,,,,,,,,,,,,,,,,,,,,,,,,
Look 146,Diwali,Sharara Set,Ivory,An ivory sharara set with an embellished peplum kurti and a flared sharara with a matching dupatta. Picked for Diwali celebrations.,Ivory Sharara Set,,,,,,,,,,,,,,,,,,,,,,,,
Look 147,Diwali,Anarkali,Coral,A coral anarkali with a gold-embroidered hem and a matching dupatta. Picked for Diwali celebrations.,Coral Anarkali,,,,,,,,,,,,,,,,,,,,,,,,
Look 148,Diwali,Lehenga,Plum,A plum lehenga pairing a crop top with a flared skirt and a matching dupatta. Picked for Diwali celebrations.,Plum Lehenga,,,,,,,,,,,,,,,,,,,,,,,,
Look 149,Diwali,Lehenga,Ivory,An ivory lehenga pairing a puff-sleeve choli with a floral-embroidered flared skirt. Picked for Diwali celebrations.,Ivory Lehenga,,,,,,,,,,,,,,,,,,,,,,,,
Look 150,Diwali,Palazzo Suit,Maroon,A maroon suit pairing an embellished flared kurti with a wide palazzo and a matching dupatta. Picked for Diwali celebrations.,Maroon Palazzo Suit,,,,,,,,,,,,,,,,,,,,,,,,
Look 151,Diwali,Sharara Set,Ivory,An ivory sharara set with a blue floral-printed kurti and a flared white sharara. Picked for Diwali celebrations.,Ivory Sharara Set,,,,,,,,,,,,,,,,,,,,,,,,
Look 152,Diwali,Sharara Set,Maroon,"A maroon sharara set with a gold booti-embroidered kurti and a flared sharara, styled with a red net dupatta. Picked for Diwali celebrations.",Maroon Sharara Set,,,,,,,,,,,,,,,,,,,,,,,,
Look 153,Festive Party,Kurta Set,Dusty Pink,A dusty-pink kurta set pairing an embellished straight kurta with slim trousers and a matching dupatta. Picked for festive parties and evening celebrations.,Dusty Pink Kurta Set,,,,,,,,,,,,,,,,,,,,,,,,
Look 154,Festive Party,Indo-Western,Beige,A beige indo-western set pairing an embellished bralette and palazzo with a long shrug. Picked for festive parties and evening celebrations.,Beige Indo-Western,,,,,,,,,,,,,,,,,,,,,,,,
Look 155,Festive Party,Lehenga,Ivory,An ivory lehenga pairing an embellished maroon choli with a tiered flared skirt with a gold border. Picked for festive parties and evening celebrations.,Ivory Lehenga,,,,,,,,,,,,,,,,,,,,,,,,
Look 156,Festive Party,Anarkali,Teal,A teal anarkali with a flared silhouette and a matching dupatta. Picked for festive parties and evening celebrations.,Teal Anarkali,,,,,,,,,,,,,,,,,,,,,,,,
Look 157,Festive Party,Lehenga,Grey,A grey lehenga pairing a choli with a flared skirt with a gold border and a matching dupatta. Picked for festive parties and evening celebrations.,Grey Lehenga,,,,,,,,,,,,,,,,,,,,,,,,
Look 158,Festive Party,Lehenga,Magenta,A magenta lehenga pairing an embellished choli and gold-bordered flared skirt with a long embellished cape. Picked for festive parties and evening celebrations.,Magenta Lehenga,,,,,,,,,,,,,,,,,,,,,,,,
Look 159,Festive Party,Sharara Set,Teal,A teal sharara set with a kurti and a flared sharara with a gold border and a matching dupatta. Picked for festive parties and evening celebrations.,Teal Sharara Set,,,,,,,,,,,,,,,,,,,,,,,,
Look 160,Festive Party,Lehenga,Pink,A pink floral-printed lehenga with a floral choli and flared skirt and a matching dupatta. Picked for festive parties and evening celebrations.,Pink Lehenga,,,,,,,,,,,,,,,,,,,,,,,,
Look 161,Festive Party,Lehenga,Mauve,A mauve lehenga pairing an embellished peplum choli with a flared skirt and a long dupatta. Picked for festive parties and evening celebrations.,Mauve Lehenga,,,,,,,,,,,,,,,,,,,,,,,,
Look 162,Festive Party,Lehenga,Red,"A red lehenga with an embellished choli and a flared red-and-ivory skirt, styled with a red dupatta. Picked for festive parties and evening celebrations.",Red Lehenga,,,,,,,,,,,,,,,,,,,,,,,,
Look 163,Festive Party,Sharara Set,Magenta,A magenta sharara set with an embellished peplum kurti and a flared sharara with a matching dupatta. Picked for festive parties and evening celebrations.,Magenta Sharara Set,,,,,,,,,,,,,,,,,,,,,,,,
Look 164,Festive Party,Sharara Set,Powder Blue,A powder-blue gharara set with a heavily embroidered kurti and a flared gharara with a matching dupatta. Picked for festive parties and evening celebrations.,Powder Blue Sharara Set,,,,,,,,,,,,,,,,,,,,,,,,
Look 165,Festive Party,Sharara Set,Beige,A beige-gold sharara set with an embellished kurti and a flared sharara with a matching dupatta. Picked for festive parties and evening celebrations.,Beige Sharara Set,,,,,,,,,,,,,,,,,,,,,,,,
Look 166,Festive Party,Anarkali,Sage Green,A sage-green anarkali with an embroidered hem and a matching dupatta. Picked for festive parties and evening celebrations.,Sage Green Anarkali,,,,,,,,,,,,,,,,,,,,,,,,
Look 167,Festive Party,Lehenga,Multicolour,"A multicolour lehenga with an embroidered choli and a scalloped-hem flared skirt, styled with an olive dupatta. Picked for festive parties and evening celebrations.",Multicolour Lehenga,,,,,,,,,,,,,,,,,,,,,,,,
Look 168,Festive Party,Sharara Set,Ivory,An ivory sharara set with an embellished asymmetric kurti and a flared sharara with a matching dupatta. Picked for festive parties and evening celebrations.,Ivory Sharara Set,,,,,,,,,,,,,,,,,,,,,,,,
Look 169,Festive Party,Lehenga,Powder Blue,A powder-blue lehenga with an embroidered choli and a flared skirt with a matching dupatta. Picked for festive parties and evening celebrations.,Powder Blue Lehenga,,,,,,,,,,,,,,,,,,,,,,,,
Look 170,Festive Party,Sharara Set,Sage Green,A sage-green sharara set with an embellished choli and a flared gold-bordered sharara with a net dupatta. Picked for festive parties and evening celebrations.,Sage Green Sharara Set,,,,,,,,,,,,,,,,,,,,,,,,
Look 171,Festive Party,Lehenga,Dusty Blue,A dusty-blue lehenga with an embroidered choli and a flared embroidered-border skirt and a matching dupatta. Picked for festive parties and evening celebrations.,Dusty Blue Lehenga,,,,,,,,,,,,,,,,,,,,,,,,
Look 172,Festive Party,Lehenga,Champagne,A champagne lehenga with an embellished choli and a flared skirt with a matching dupatta. Picked for festive parties and evening celebrations.,Champagne Lehenga,,,,,,,,,,,,,,,,,,,,,,,,
Look 173,Festive Party,Lehenga,Rust,A rust lehenga with an embellished choli and a flared skirt with a matching dupatta. Picked for festive parties and evening celebrations.,Rust Lehenga,,,,,,,,,,,,,,,,,,,,,,,,
Look 174,Festive Party,Lehenga,Maroon,A maroon lehenga with an embroidered choli and a flared skirt with a gold embroidered border and a matching dupatta. Picked for festive parties and evening celebrations.,Maroon Lehenga,,,,,,,,,,,,,,,,,,,,,,,,
Look 175,Festive Party,Lehenga,Blush Pink,A blush-pink lehenga with a floral-embroidered choli and a floral-embroidered flared skirt and a matching dupatta. Picked for festive parties and evening celebrations.,Blush Pink Lehenga,,,,,,,,,,,,,,,,,,,,,,,,
Look 176,Festive Party,Sharara Set,Powder Blue,A powder-blue sharara set with an embellished kurti and a flared sharara with a matching dupatta. Picked for festive parties and evening celebrations.,Powder Blue Sharara Set,,,,,,,,,,,,,,,,,,,,,,,,
Look 177,Festive Party,Lehenga,Navy Blue,A navy-blue lehenga with an embellished choli and a flared skirt with a sheer dupatta. Picked for festive parties and evening celebrations.,Navy Blue Lehenga,,,,,,,,,,,,,,,,,,,,,,,,
Look 178,Festive Party,Lehenga,Lilac,A lilac lehenga with an embellished choli and a floral flared skirt with a matching dupatta. Picked for festive parties and evening celebrations.,Lilac Lehenga,,,,,,,,,,,,,,,,,,,,,,,,
Look 179,Festive Party,Lehenga,Beige,"A beige-gold lehenga with an embellished choli and a flared skirt, styled with a coral dupatta. Picked for festive parties and evening celebrations.",Beige Lehenga,,,,,,,,,,,,,,,,,,,,,,,,
Look 180,Festive Party,Lehenga,Dusty Pink,A dusty-pink lehenga with an embellished choli and a flared skirt with a matching dupatta. Picked for festive parties and evening celebrations.,Dusty Pink Lehenga,,,,,,,,,,,,,,,,,,,,,,,,
Look 181,Festive Party,Anarkali,Yellow,A yellow anarkali with a gold-embroidered hem and a multicolour dupatta. Picked for festive parties and evening celebrations.,Yellow Anarkali,,,,,,,,,,,,,,,,,,,,,,,,
Look 182,Festive Party,Sharara Set,Mauve,A mauve sharara set with an embroidered kurti and a flared sharara with a matching dupatta. Picked for festive parties and evening celebrations.,Mauve Sharara Set,,,,,,,,,,,,,,,,,,,,,,,,
Look 183,Festive Party,Lehenga,Navy Blue,A navy-blue lehenga with an embroidered choli and a flared skirt with a sequinned border and a matching dupatta. Picked for festive parties and evening celebrations.,Navy Blue Lehenga,,,,,,,,,,,,,,,,,,,,,,,,
Look 184,Festive Party,Sharara Set,Grey,A grey sharara set with an embellished kurti and a flared sharara with a matching dupatta. Picked for festive parties and evening celebrations.,Grey Sharara Set,,,,,,,,,,,,,,,,,,,,,,,,
Look 185,Festive Party,Lehenga,Ivory,"An ivory lehenga with an embellished choli and a flared skirt, styled with an olive dupatta. Picked for festive parties and evening celebrations.",Ivory Lehenga,,,,,,,,,,,,,,,,,,,,,,,,
Look 186,Festive Party,Anarkali,Dusty Blue,A dusty-blue anarkali with an embroidered hem and a draped dupatta. Picked for festive parties and evening celebrations.,Dusty Blue Anarkali,,,,,,,,,,,,,,,,,,,,,,,,
Look 187,Festive Party,Lehenga,Navy Blue,A navy-blue lehenga with a choli and a blue-and-white ombre flared skirt with a matching dupatta. Picked for festive parties and evening celebrations.,Navy Blue Lehenga,,,,,,,,,,,,,,,,,,,,,,,,
Look 188,Festive Party,Sharara Set,Ivory,An ivory sharara set with an embellished kurti and a flared sharara with a matching dupatta. Picked for festive parties and evening celebrations.,Ivory Sharara Set,,,,,,,,,,,,,,,,,,,,,,,,
Look 189,Festive Party,Lehenga,Ivory,"An ivory lehenga with an embellished choli and a flared skirt, styled with a pink dupatta. Picked for festive parties and evening celebrations.",Ivory Lehenga,,,,,,,,,,,,,,,,,,,,,,,,
Look 190,Festive Party,Lehenga,Sage Green,"A sage-green lehenga with an embellished cream choli and a gold-embroidered flared skirt, styled with a peach dupatta. Picked for festive parties and evening celebrations.",Sage Green Lehenga,,,,,,,,,,,,,,,,,,,,,,,,
Look 191,Festive Party,Anarkali,Lemon Yellow,A lemon-yellow anarkali with lace sleeves and an embroidered hem and a matching dupatta. Picked for festive parties and evening celebrations.,Lemon Yellow Anarkali,,,,,,,,,,,,,,,,,,,,,,,,
Look 192,Festive Party,Lehenga,Sage Green,A sage-green lehenga with an embellished choli and a flared skirt with a matching dupatta. Picked for festive parties and evening celebrations.,Sage Green Lehenga,,,,,,,,,,,,,,,,,,,,,,,,
Look 193,Festive Party,Sharara Set,Gold,"A gold sharara set with an embellished kurti and a flared sharara, styled with a red dupatta. Picked for festive parties and evening celebrations.",Gold Sharara Set,,,,,,,,,,,,,,,,,,,,,,,,
Look 194,Festive Party,Sharara Set,Dusty Rose,A dusty-rose sharara set with a gold-buti kurti and a gold-embroidered flared sharara with a matching dupatta. Picked for festive parties and evening celebrations.,Dusty Rose Sharara Set,,,,,,,,,,,,,,,,,,,,,,,,
Look 195,Traditional,Lehenga,Blush Pink,A blush-pink lehenga with an embellished choli and a flared skirt with a scalloped embroidered hem and a matching dupatta. Picked for traditional celebrations.,Blush Pink Lehenga,,,,,,,,,,,,,,,,,,,,,,,,
Look 196,Traditional,Palazzo Suit,Pink,"A pink kurta set with a chikankari kurta, white palazzo and a net dupatta. Picked for traditional celebrations.",Pink Palazzo Suit,,,,,,,,,,,,,,,,,,,,,,,,
Look 197,Traditional,Sharara Set,Sage Green,A sage-green sharara set with an embellished peplum kurti and a flared sharara with a matching dupatta. Picked for traditional celebrations.,Sage Green Sharara Set,,,,,,,,,,,,,,,,,,,,,,,,
Look 198,Traditional,Anarkali,Ivory,An ivory anarkali with subtle floral embroidery and a matching dupatta. Picked for traditional celebrations.,Ivory Anarkali,,,,,,,,,,,,,,,,,,,,,,,,
Look 199,Traditional,Sharara Set,Mint Green,"A mint-green sharara set with an embellished kurti and a flared sharara, styled with a lilac dupatta. Picked for traditional celebrations.",Mint Green Sharara Set,,,,,,,,,,,,,,,,,,,,,,,,
Look 200,Traditional,Lehenga,Magenta,A magenta lehenga with an embellished choli and a tiered flared skirt with gold borders and a matching dupatta. Picked for traditional celebrations.,Magenta Lehenga,,,,,,,,,,,,,,,,,,,,,,,,
Look 201,Traditional,Sharara Set,Gold,A gold sharara set with a heavily embroidered kurti and a flared sharara with a net dupatta. Picked for traditional celebrations.,Gold Sharara Set,,,,,,,,,,,,,,,,,,,,,,,,
Look 202,Traditional,Anarkali,Dusty Pink,A dusty-pink anarkali with a floral-embroidered hem and a matching dupatta. Picked for traditional celebrations.,Dusty Pink Anarkali,,,,,,,,,,,,,,,,,,,,,,,,
Look 203,Traditional,Sharara Set,Blush Pink,A blush-pink sharara set with an embellished kurti and a flared sharara with a net dupatta. Picked for traditional celebrations.,Blush Pink Sharara Set,,,,,,,,,,,,,,,,,,,,,,,,
Look 204,Traditional,Sharara Set,Peach,A peach sharara set with an embroidered kurti and a flared sharara with a scalloped hem and a matching dupatta. Picked for traditional celebrations.,Peach Sharara Set,,,,,,,,,,,,,,,,,,,,,,,,
Look 205,Traditional,Sharara Set,Mint Green,A mint-green sharara set with a floral-embroidered kurta and a flared sharara with a matching dupatta. Picked for traditional celebrations.,Mint Green Sharara Set,,,,,,,,,,,,,,,,,,,,,,,,
Look 206,Traditional,Kurta Set,Dusty Rose,A dusty-rose kurta set with an embroidered straight kurta and slim trousers and a matching dupatta. Picked for traditional celebrations.,Dusty Rose Kurta Set,,,,,,,,,,,,,,,,,,,,,,,,
Look 207,Traditional,Sharara Set,Mauve,A mauve sharara set with an embroidered kurti and a flared sharara with an embroidered hem and a matching dupatta. Picked for traditional celebrations.,Mauve Sharara Set,,,,,,,,,,,,,,,,,,,,,,,,
Look 208,Traditional,Anarkali,Ivory,An ivory anarkali with embroidery and a pink dupatta. Picked for traditional celebrations.,Ivory Anarkali,,,,,,,,,,,,,,,,,,,,,,,,
Look 209,Traditional,Lehenga,Rose Pink,A rose-pink lehenga with an embellished choli and a full flared skirt with a gold border and a matching dupatta. Picked for traditional celebrations.,Rose Pink Lehenga,,,,,,,,,,,,,,,,,,,,,,,,
Look 210,Traditional,Palazzo Suit,Maroon,A maroon palazzo suit with a plain kurti and a wide palazzo and a matching dupatta. Picked for traditional celebrations.,Maroon Palazzo Suit,,,,,,,,,,,,,,,,,,,,,,,,
Look 211,Traditional,Sharara Set,Black,A black sharara set with a kurti and a flared sharara with a pink embroidered scalloped border and a matching dupatta. Picked for traditional celebrations.,Black Sharara Set,,,,,,,,,,,,,,,,,,,,,,,,
Look 212,Traditional,Lehenga,Ivory,An ivory lehenga with a choli and a tiered flared skirt with gold borders and a matching dupatta. Picked for traditional celebrations.,Ivory Lehenga,,,,,,,,,,,,,,,,,,,,,,,,
Look 213,Traditional,Sharara Set,Powder Blue,A powder-blue sharara set with an embellished kurti and a flared sharara with an embroidered net dupatta. Picked for traditional celebrations.,Powder Blue Sharara Set,,,,,,,,,,,,,,,,,,,,,,,,
Look 214,Traditional,Lehenga,Sage Green,A sage-green lehenga with an embellished choli and a flared skirt with an embroidered border and a net dupatta. Picked for traditional celebrations.,Sage Green Lehenga,,,,,,,,,,,,,,,,,,,,,,,,
Look 215,Traditional,Anarkali,Beige,A beige anarkali with a flared silhouette and a matching dupatta. Picked for traditional celebrations.,Beige Anarkali,,,,,,,,,,,,,,,,,,,,,,,,
Look 216,Traditional,Anarkali,Maroon,A maroon anarkali with a flared silhouette and a matching dupatta. Picked for traditional celebrations.,Maroon Anarkali,,,,,,,,,,,,,,,,,,,,,,,,
Look 217,Traditional,Anarkali,Ivory,An ivory anarkali with subtle embroidery and a matching dupatta. Picked for traditional celebrations.,Ivory Anarkali,,,,,,,,,,,,,,,,,,,,,,,,
Look 218,Traditional,Sharara Set,Sage Green,A sage-green sharara set with an embroidered kurta and a flared sharara with a woven border and a matching dupatta. Picked for traditional celebrations.,Sage Green Sharara Set,,,,,,,,,,,,,,,,,,,,,,,,
Look 219,Traditional,Anarkali,Ivory,An ivory anarkali with embroidery and a matching dupatta. Picked for traditional celebrations.,Ivory Anarkali,,,,,,,,,,,,,,,,,,,,,,,,
Look 220,Traditional,Lehenga,Ivory,"An ivory-gold lehenga with a heavily embroidered choli and a flared skirt with a gold border, styled with a pink dupatta. Picked for traditional celebrations.",Ivory Lehenga,,,,,,,,,,,,,,,,,,,,,,,,
Look 221,Traditional,Anarkali,Ivory,An ivory anarkali with a floral-embroidered hem and a matching floral dupatta. Picked for traditional celebrations.,Ivory Anarkali,,,,,,,,,,,,,,,,,,,,,,,,
Look 222,Traditional,Anarkali,Mauve,A mauve anarkali with a gold-embroidered hem and a matching dupatta. Picked for traditional celebrations.,Mauve Anarkali,,,,,,,,,,,,,,,,,,,,,,,,
Look 223,Traditional,Sharara Set,Ivory,An ivory sharara set with an embroidered kurti and a flared sharara with a matching dupatta. Picked for traditional celebrations.,Ivory Sharara Set,,,,,,,,,,,,,,,,,,,,,,,,
Look 224,Traditional,Sharara Set,Beige,"A beige sharara set with an embellished kurti and a flared sharara with a scalloped hem, styled with a red bandhani dupatta. Picked for traditional celebrations.",Beige Sharara Set,,,,,,,,,,,,,,,,,,,,,,,,
Look 225,Traditional,Sharara Set,Lilac,A lilac sharara set with a floral-embroidered kurti and a flared sharara with a matching dupatta. Picked for traditional celebrations.,Lilac Sharara Set,,,,,,,,,,,,,,,,,,,,,,,,
Look 226,Traditional,Sharara Set,Gold,A gold sharara set with an embellished kurti and a flared dusty-pink sharara with a matching dupatta. Picked for traditional celebrations.,Gold Sharara Set,,,,,,,,,,,,,,,,,,,,,,,,
Look 227,Traditional,Sharara Set,Ivory,An ivory sharara set with an embroidered peplum kurti and a flared dusty-pink embroidered sharara. Picked for traditional celebrations.,Ivory Sharara Set,,,,,,,,,,,,,,,,,,,,,,,,
Look 228,Traditional,Anarkali,Mauve,A mauve anarkali with embroidery and a matching dupatta. Picked for traditional celebrations.,Mauve Anarkali,,,,,,,,,,,,,,,,,,,,,,,,
Look 229,Traditional,Sharara Set,Blush Pink,A blush-pink sharara set with a gold-bordered kurti and a tiered flared sharara with a net dupatta. Picked for traditional celebrations.,Blush Pink Sharara Set,,,,,,,,,,,,,,,,,,,,,,,,
Look 230,Traditional,Sharara Set,Ivory,"An ivory sharara set with an embellished kurti and a flared sharara, styled with a pink dupatta. Picked for traditional celebrations.",Ivory Sharara Set,,,,,,,,,,,,,,,,,,,,,,,,
Look 231,Traditional,Sharara Set,Dusty Rose,A dusty-rose sharara set with an embroidered kurti with a gold border and a flared sharara with a matching dupatta. Picked for traditional celebrations.,Dusty Rose Sharara Set,,,,,,,,,,,,,,,,,,,,,,,,
Look 232,Traditional,Sharara Set,Powder Blue,A powder-blue sharara set with an embellished kurti and a flared sharara with a matching dupatta. Picked for traditional celebrations.,Powder Blue Sharara Set,,,,,,,,,,,,,,,,,,,,,,,,
Look 233,Traditional,Indo-Western,Peach,A peach indo-western set pairing a crop top and palazzo with a long embellished open jacket. Picked for traditional celebrations.,Peach Indo-Western,,,,,,,,,,,,,,,,,,,,,,,,
Look 234,Traditional,Palazzo Suit,Peach,"A peach suit with an embroidered flared kurta and palazzo, styled with a maroon embroidered dupatta. Picked for traditional celebrations.",Peach Palazzo Suit,,,,,,,,,,,,,,,,,,,,,,,,
Look 235,Traditional,Lehenga,Gold,"A gold tissue lehenga with a shimmering flared skirt, styled with a peach dupatta draped across the shoulder. Picked for traditional celebrations.",Gold Lehenga,,,,,,,,,,,,,,,,,,,,,,,,
Look 236,Traditional,Anarkali,Ivory,An ivory anarkali with a scalloped embroidered hem and a matching dupatta. Picked for traditional celebrations.,Ivory Anarkali,,,,,,,,,,,,,,,,,,,,,,,,